mechanism_key,makespan_mean,elapsed_mean,rpd_mean
adaptive,17490.416666666668,24.808337330818176,10.499477613235287
